Label,Alanine,Asparagine,Aspartic acid,Citrulline,Glutamic acid,Glycine,Isoleucine,Leucine,Methionine sulfoxide,Phenylalanine,Proline,Serine,Taurine,Threonine,Tyrosine dimer,Valine,Arginine,Lysine,Histidine,Tryptophan,Ornithine,Lithochollic acid,Chenodeoxycholic acid,Cholic acid,Glycodeoxycholic acid,Taurochenodeoxychollic acid,Deoxycholic acid,Glycocholic acid,Glycochenodeoxycholic acid,Taurodeoxycholic acid,Taurochlic acid,Palmitic acid,Palmitoleic acid,Stearic acid,Oleic acid,Linoleic acid,Myristic acid,Myristoleic acid,Lauric acid,Pentadecanoic acid,Caproic acid,Caprylic acid,Capric acid,Margaric acid,Heptadecenoic acid,Acetic acid,Propionic acid,Butyric acid,Valeric acid
ZB54,81.61,0.26,30.62,0.35,123.29,5.78,18.23,18.23,0.9,9.58,8.87,2.84,0,2.74,77.55,17.92,0.17,15.06,0.16,0,0.13,508.33,0,972.4,1.35,1,0,0,7.19,4,5.67,4.5,3.48,2.5,124.79,21.39,532.5,0.02,18.69,699.55,89.49,0.1,0.1,183.18,0.18,19.89,17.1,14.24,7.22
ZB55,77.42,0,5.46,1.75,194.36,4.13,5.12,5.12,1.64,3.14,14.05,1.89,0,1.43,27.36,10.31,0.17,3.51,0,0,0,1049.66,363.52,1160.75,1.35,1.5,497.78,0,119.6,7,8.25,8.22,5.46,5.88,692.61,118.73,711.5,0.05,55.05,979.3,7.04,0.23,0.14,83.95,1.45,6.77,5.26,4.02,2.08
ZB56,76.44,0.4,110.88,0.7,215.69,3,3.15,3.15,0.6,4.46,7.02,1.89,0,1.79,67.41,3.05,0.17,9.65,0.31,0,0,543.42,193.14,0,31.02,0,286.97,0,43.61,18.99,2.58,7.42,4.12,3.72,654.65,111.92,937.2,0.08,31.38,1184.93,534.26,0.45,0.48,191.6,0.41,17.18,15.46,12.55,5.69
ZB57,50.6,0.13,2.26,1.93,89.46,1.43,1.31,1.31,1.19,2.81,4.26,1.16,0,0.83,31.71,1.99,0,4.97,0.16,0,0.13,275.72,31.8,0,0.45,0,20.02,0,2.25,4.5,3.09,5.62,2.46,3.75,222.71,38.18,972.2,0,44.67,1081.21,188.16,0.23,0.26,568.51,0.23,8.71,7.6,5.7,3.07
ZB58,47.22,0.4,10.25,2.63,83.28,1.88,1.97,1.97,0,1.82,1.38,1.26,0,1.07,12.32,1.99,0,2.49,0.31,0,0.13,255.34,20.81,0,0.45,0.5,31.01,0,0.9,2.5,2.58,2.68,1.02,1.86,131.38,22.52,312.3,0,6.36,329.59,186.53,0.23,0.08,124.67,0.09,6.2,6.2,5.38,2.15
ZB59,135.42,0,254.11,2.1,138.74,12.91,51.29,51.29,1.64,3.63,1.27,1.47,0,1.31,25.37,40.42,0,12.72,0.31,0,0.13,474.8,54.17,0,0.45,1,79.69,0,4.5,2.5,7.22,5.3,0.72,2.92,178.81,30.65,422.6,0.05,18.12,1072.46,244.07,0.24,0.12,524.27,1.13,35.71,39.74,25.8,13.95
ZB60,73.59,0,9.85,1.4,324.57,5.03,3.94,3.94,1.79,4.46,23.37,1.89,0,0.95,50.37,9.72,0.17,2.05,0,0,0,397.72,7.07,0,9.44,1.5,10.6,0,6.29,1.5,9.8,10.46,21.42,6.48,1321.54,226.49,1208.3,0.15,85.56,1629.94,586.73,1.46,0.54,115.36,0.24,6.66,4.94,4.05,3.37
ZB61,44.28,0.26,13.44,1.58,59,0.75,0.66,0.66,0.75,1.98,3.68,0.53,0,0.6,32.07,0.7,0,2.19,0.16,0,0.13,236.71,8.24,0,0.45,0,24.73,0,5.4,2.5,4.64,4.89,2.76,3.14,315.42,54.07,582.3,0.01,9.66,761.88,231.78,0.22,0.14,155.2,0.07,14.43,12.5,10.53,5.57
ZB62,78.67,0.4,204.46,2.1,177,1.73,3.41,3.41,3.88,2.15,4.49,1.37,0,1.07,18.66,2.69,0,2.05,0.31,0,0.13,546.09,13.35,181.81,9.89,1,20.02,0,3.6,1.5,3.09,4.31,2.24,3.99,205.17,35.16,415.9,0.03,37.38,600.46,230.09,0.41,0.14,416.95,0.55,7.98,6.7,4.84,2.9
ZB63,100.05,0.26,37.14,1.93,211.43,5.63,6.03,6.03,4.03,5.12,7.02,1.89,0,2.38,43.85,8.2,0.17,8.48,0.16,0,0,283.96,7.46,0,3.6,1.5,31.41,0,9.89,1.5,2.58,4.23,1.32,2.16,136.72,23.43,678.7,0.01,12.06,627.58,264.84,0.31,0.08,80.4,0.27,13.1,13.64,11.14,6.87
ZB64,156.62,0.13,120.33,0.88,203.04,18.09,33.32,33.32,2.24,2.15,2.53,2.31,0,5.72,21.74,33.86,0,8.04,0.16,0,0.26,350.45,1933.41,1076.17,8.99,0,2877.55,0,6.74,8,10.31,5.47,3.66,2.78,423.43,72.57,484.7,0.01,22.14,575.26,615.24,0.64,0.12,50.69,0.38,11.91,13.32,11.22,8.44
ZB65,41.61,0.26,91.45,0.35,154.93,2.03,5.64,5.64,1.19,0.99,0.35,0.53,0,0.83,9.78,4.45,0.35,3.8,0.16,0,0.13,1635.21,41.61,0,129.04,1,50.25,0,360.15,7,3.09,8.44,2.34,5.89,306.86,52.6,954.8,0.07,35.85,1125.75,583.13,0.62,0.36,97.55,0.31,46.36,36.77,31.72,20.53
ZB66,96.22,0.13,12.91,1.58,31.34,1.28,12.07,12.07,1.34,0.5,0.58,0.95,0.13,0.48,3.62,16.99,0,1.75,0.16,0,0.13,462.88,5.1,0,0.9,1,4.71,0,1.35,2,4.13,5.76,0.38,3.7,94.34,16.17,1080,0.03,19.83,1220.41,423.6,0.7,0.14,826.42,0.25,20.5,17.49,17.33,11.02
ZB67,40.27,0.53,43.26,0.53,103.87,3.23,2.89,2.89,2.09,2.15,1.5,1.79,0,1.31,21.93,1.41,0.17,6.29,0.31,0,0,600.96,154.67,0,12.59,1,254.39,0,35.07,11.99,3.09,4.66,4.72,2.62,505.54,86.62,336.2,0.04,11.73,427.8,397.77,0.31,0.06,65.05,0.25,17.16,15.56,13.68,6.19
ZB68,80.98,0.13,48.19,0.88,341.34,1.95,2.62,2.62,1.64,1.16,1.73,1.47,0.13,1.19,11.42,3.75,0,3.51,0.16,0,0.13,348.19,0,0,0.45,0,5.5,0,13.49,1.5,3.09,2.57,0.56,1.84,111.84,19.17,278.9,0.01,17.19,309.73,83.45,0.09,0.06,100.53,0.05,8.5,7.1,6.1,3.37
ZB69,67.08,0.4,15.17,0.53,209.22,3.38,3.28,3.28,1.49,3.14,9.56,1.89,0.13,1.31,26.46,5.27,0.17,5.85,0.16,0,0,921.04,179.8,0,29.23,0,206.49,0,80.93,4.5,3.09,3.26,2.62,2.28,153,26.22,436.1,0.01,26.52,420.99,193.92,0.4,0.14,62.93,0.1,6.98,6.05,5.21,3.01
ZB70,61.2,0.53,27.55,0.53,186.12,1.5,1.18,1.18,0.45,0.99,3.45,0.74,0,1.07,10.33,2.34,0,3.65,0.47,0,0,171.95,15.31,0,3.6,0,1.57,0,9.89,1.5,16.5,2.9,2.94,1.93,301.92,51.76,320.2,0.03,12.18,335.54,250.31,0.2,0.1,30.31,0.14,11.94,11.07,8.6,4.48
ZB71,43.03,0.13,22.89,0.53,27.81,2.03,1.57,1.57,1.94,0.66,2.07,0.63,0,0.6,1.45,1.99,0,0.44,0,0,0.13,202.25,24.73,0,0.9,0,11.38,0,7.19,8,4.64,3.96,0.72,2.35,225.59,38.64,281.5,0.01,12.21,543.15,345.74,0.3,0.08,222.38,0.14,24.59,24.01,17.96,12.02
ZB73,28.95,0,4.26,0.7,59.73,1.2,1.05,1.05,0.45,0.5,2.88,0.63,0.13,0.48,3.44,2.11,0,0.44,0,0,0,543.9,47.89,0,11.69,1.5,22.77,0,31.92,19.49,3.61,3.64,0.6,2.96,97.28,16.68,341.8,0.01,10.17,687.25,2.13,0.1,0.06,779.46,0.2,3.46,2.79,2.25,1.34
ZB75,87.84,0.26,15.31,0.7,51.94,2.78,50.11,50.11,0.9,0.17,0.46,0.42,0.13,1.43,3.99,76.62,0.17,4.82,0.16,0,0.13,280.07,37.69,0,0.45,4,56.14,0,13.94,5,10.83,5.16,0.76,2.62,279.63,47.94,789.4,0,14.34,1071.66,184.25,0.18,0.06,423.85,0.23,17.75,17.26,13.1,5.82
ZB83,27.17,0,10.65,0.18,70.18,0.98,1.05,1.05,1.49,0.5,0.46,0.63,0,0.48,3.08,2.11,0,3.36,0.16,0,0.13,0,4.71,0,0,1,1.96,0,0,4,3.61,3.16,0.92,1.86,120.27,20.62,323.2,0.02,7.17,562.5,48.38,0.04,0.12,252.75,0.05,11.7,11.23,8.84,4.33
ZB91,14.7,0,4.26,0,63.85,0.6,0.52,0.52,0.6,0.33,2.65,0.32,0,0.24,2.17,1.29,0,0.88,0,0,0,628.14,0,0,0.45,0,0,0,6.29,10.49,15.99,2.91,0.46,1.85,68.36,11.72,302.3,0,8.88,597.67,2,0.07,0.04,548.05,0.13,3,2.29,1.9,1.21
ZB92,66.02,0.26,18.64,0,98.28,5.18,22.17,22.17,0,0.66,1.15,0.95,0,2.26,9.6,40.53,0,12.57,0.16,0,0.13,322.11,453.81,0,0.45,3.5,674.44,0,9.44,12.99,3.09,3.38,0.32,2.37,143.11,24.53,466.4,0,11.76,602.46,116.72,0.09,0.06,402.79,0.08,11.13,10.24,8.28,3.73
ZB100,17.64,0,4.39,0.35,50.91,0.83,1.05,1.05,0.3,0.33,0.23,0.32,0,0.24,0.72,2.11,0,3.07,0.16,0,0.13,242.63,34.94,0,3.15,0,7.46,0,45.86,8,6.7,2.06,0.3,1.37,86.5,14.83,201.4,0,1.47,374.3,31.7,0.04,0.04,258.48,0.03,11.68,11.57,8.23,3.74
ZB74,45.61,0.13,11.31,0,119.76,2.4,0.79,0.79,0.3,0.83,5.87,1.37,0.13,0.83,7.61,3.28,0,6.14,0,0,0,321.18,17.27,0,0.45,1,21.59,0,3.15,4.5,3.61,15.17,2.12,10.5,452.77,77.62,170.2,0.11,9.39,360.29,41.12,0.7,0.24,38.79,0.27,10.31,9.24,6.84,2.74
ZB78,50.42,0,18.1,0.53,139.92,2.33,0.92,0.92,0,0.99,4.84,1.16,0.13,1.07,11.05,3.51,0.17,5.99,0.16,0,0,263.74,19.63,0,0.9,0,29.05,0,2.25,3.5,5.67,2.67,3.4,1.55,192.35,32.97,157,0.01,3.51,280.39,11.42,0.04,0.02,42.27,0.05,11.79,10.35,9.14,4.67
ZB87,49.89,0,9.45,0.35,186.41,0.98,0.66,0.66,0,0.66,10.13,0.32,0,0.24,5.98,2.81,0,3.07,0.16,0,0,0,10.6,0,0,0.5,3.14,0,0,5,8.77,4.31,6.26,2.97,207.78,35.62,393.6,0.02,9.66,596.37,0.92,0.09,0.04,202.57,0.09,3.29,2.64,2.21,1.01
ZB95,51.67,0,11.18,0.88,122.41,4.28,3.15,3.15,0.9,2.15,8.98,1.16,0,1.43,11.42,9.14,0,8.92,0.16,0,0,302.11,29.84,0,2.25,0.5,45.93,0,6.74,4,5.67,3.15,3.36,2.3,189.14,32.43,226,0.01,8.16,334.04,17.91,0.07,0.04,49.32,0.01,10.3,8.69,8,4.08
ZB104,53.9,0,7.45,0,177.73,0.83,1.05,1.05,1.64,0.83,7.14,0.21,0,0.24,0.91,3.75,0,5.26,0,0,0,657.69,26.3,0,1.8,0.5,1.57,0,7.64,8,16.5,3.37,6.66,1.84,256.66,44.01,393.1,0.01,9.06,578.87,1.23,0.08,0.08,132.53,0.07,3.85,3.6,2.81,1.15
ZB72,19.6,0,133.38,1.93,115.5,0.53,0.26,0.26,0.15,0.33,0.46,0.32,0,0.24,1.27,0.47,0,1.17,0,0,0,138.18,4.71,0,0.45,1,1.96,0,9.44,1.5,20.63,2.22,0.78,1.6,35.43,6.07,220.6,0.01,4.26,415.82,5.46,0.05,0.04,289.34,0.04,11.16,9.48,8.01,5.07
ZB76,5.26,0.13,6.66,0.7,26.63,0.3,0.26,0.26,0.45,0.33,0.58,0,0.13,0.12,1.27,0.23,0.17,0.88,0,0,0,277.7,10.6,0,0.9,0,3.14,0,4.05,2,3.09,6.94,0.88,4.94,310.09,53.15,915.3,0.01,54.42,1185.49,7.11,0.35,0.36,269.61,0.17,7.36,6.26,5.09,3.2
ZB84,25.93,0.13,4.13,1.93,75.62,0.68,3.94,3.94,0.3,1.16,5.41,0.95,0,0.71,3.81,4.8,0.17,4.82,0.16,0,0.13,0,1.96,0,11463.77,1,2.75,0,1.8,6.5,9.28,8.72,0.9,6.81,140.36,24.06,598.8,0.03,25.56,810.99,6.75,0.31,0.24,111.36,0.25,9.19,7.11,5.73,4.4
ZB90,18.35,0.13,204.19,0.53,143.16,0.45,0.26,0.26,1.04,0.33,0.58,0.32,0,0.24,1.63,0.35,0,1.61,0.16,0,0.26,155.88,4.71,0,1.8,1,4.71,0,0.9,3,6.19,1.96,0.56,1.55,28.13,4.82,201.9,0,4.56,388.41,6.3,0.05,0.02,338.49,0.03,10.2,8.18,7.5,4.92
ZB93,5.7,0,5.46,0.7,24.72,0.3,0.13,0.13,0.75,0.17,0.69,0.32,0,0.12,0.91,0.35,0,0.88,0,0,0,376.18,1931.44,0,0.45,1,2868.92,0,34.17,42.48,3.61,4.78,1.12,3.14,341.51,58.54,446.1,0.02,18,562.21,3.74,0.16,0.2,106.62,0.02,7.2,5.93,4.55,2.55
ZB101,21.65,0.13,2.53,0,67.53,481.95,2.62,2.62,2.24,1.16,3.8,0.42,0,0.71,0.72,4.45,0.17,3.95,0,0,0.13,431.98,10.99,0,4.05,1.5,6.28,0,14.84,3,5.16,4.51,0.9,3.07,210.77,36.13,476.5,0.01,21.36,649.2,7.1,0.2,0.24,102.18,0.13,13.08,11,8.47,5.46
ZB79,5.79,0,160.26,0.35,112.55,0.23,0.13,0.13,0,0.17,0.12,0.21,0,0.12,1.09,0.23,0,0.58,0.16,0,0.13,229.1,34.94,0,0.45,0,6.67,0,14.84,1.5,12.38,4.21,1.98,2.87,91.48,15.69,355.1,0.02,6.36,514.37,0.83,0.15,0.16,90.89,0.05,20.6,16.19,13.72,7.49
ZB82,29.67,0.13,1044.38,0.53,822.6,0.75,0.52,0.52,0.15,0.33,0.81,0.74,0.13,0.48,0.72,0.94,0,5.99,0,0,0.53,207.71,0,0,14.84,1,25.12,0,41.81,1.5,6.7,5.86,3.32,3.68,377.73,64.74,434.8,0.03,13.02,801.41,70.41,0.15,0.22,78.74,0.17,12.83,12.23,10.13,5.56
ZB86,5.88,0,122.06,0.88,93.57,0.38,0.26,0.26,0.15,0.33,0.23,0.21,0,0.12,1.09,0.35,0,1.75,0.16,0,0.13,0,15.7,0,0,2,23.16,0,0,8,7.74,3.93,0.48,2.79,113.29,19.42,500.3,0.01,12.78,731.51,3.5,0.08,0.1,408.91,0.06,15.21,12.71,10.28,5.99
ZB96,5.17,0,167.19,0.53,141.54,0.15,0.13,0.13,0,0,0.12,0.21,0,0.12,0.72,0.12,0,0.44,0,0,0,246.76,8.64,0,0.45,1,12.95,0,12.59,1.5,7.22,3.75,0.58,2.5,54.64,9.37,315.4,0.01,5.07,489.05,0.8,0.1,0.06,103.49,0.1,17.92,14.54,12.08,6.5
ZB99,24.95,0.13,820.62,0.18,671.65,0.53,0.52,0.52,0,0.33,0.58,0.53,0.13,0.36,0.54,0.82,0,4.39,0,0,0.13,264.5,0,0,10.79,0,4.71,0,1.8,5.5,7.74,4.63,3.08,2.36,557.85,95.63,273.8,0.02,5.31,565.4,35.18,0.14,0.04,65.52,0.21,8.48,8.1,6.39,3.15
ZB103,11.58,0,55.37,0,79.3,0.45,0.66,0.66,0.3,0.33,0.23,0.32,0,0.24,0.18,1.05,0,0.88,0.16,0,0,449.95,3.93,0,2.7,0,10.21,0,6.29,2.5,6.7,2.65,0.64,1.86,220.22,37.75,365.5,0.02,8.25,524.9,1.67,0.06,0.04,233.63,0.05,9.18,7.46,6.14,2.75
ZB77,48.11,0.26,114.47,2.1,75.18,0.75,0.66,0.66,1.64,0.99,8.06,0.63,0,0.12,10.15,1.29,0,1.9,0,0,0,451,3.93,0,0.9,1,3.14,0,1.35,3.5,3.09,6.31,1.22,4.41,257.25,44.09,791.6,0.02,23.58,913.34,329.49,0.59,0.2,158.42,0.11,4.9,4.51,3.52,1.86
ZB80,1.07,0,0.53,0.35,5.44,0.15,0.13,0.13,0.45,0.17,0.46,0,0,0.12,1.99,0.12,0,0.29,0,0,0,579.5,9.03,0,2.7,9.49,13.35,0,8.09,2,13.92,12.33,1.62,8.84,490.53,84.09,1493.9,0.03,89.01,1626.11,296.1,0.44,0.48,100.51,0.24,8.85,8.25,6.48,4.96
ZB85,26.19,0,2.4,0.88,33.69,0.6,0.79,0.79,0.6,0.99,4.72,0.32,0,0.48,7.25,1.64,0,1.02,0,0,0,0,1.57,0,23214.85,1,0,0,2.25,2,8.77,6.02,9.04,2.88,156.39,26.81,670.7,0.01,29.04,792.44,40.29,0.33,0.32,133.64,0.01,2.87,2.33,1.91,1.39
ZB94,50.69,0,66.69,0.88,69.3,0.9,0.92,0.92,0.45,0.99,7.71,0.63,0,0.48,7.61,2.58,0.17,1.75,0.16,0,0,568.89,6.28,0,0.9,1,36.9,0,17.09,9.99,4.64,5.61,183.58,2.33,216.84,37.17,828.2,0.19,34.71,833.02,295.91,0.68,1.04,265.84,3.71,4.67,4.08,3.19,1.72
ZB97,1.16,0,0.4,0.7,3.97,0.15,0,0,0.3,0.17,0.23,0.11,0.13,0.12,1.09,0.12,0,0.29,0,0,0,370.3,0,0,0.45,1.5,1.57,0,9.44,9.99,3.09,13.57,1.38,8.99,460.36,78.9,2213.8,0.02,90.6,2505.6,699.35,1.06,0.64,199.14,0.25,12.57,13.28,9.95,6.07
ZB102,23.16,0,2.53,0,36.34,0.83,1.31,1.31,2.09,1.32,4.37,0.84,0,0.24,1.09,3.05,0,0.73,0,0,0,330.54,9.03,0,0.9,4.5,13.35,0,2.7,3,3.09,3.37,6,2.13,110.65,18.97,416.3,0.03,13.23,535.35,17.6,0.11,0.08,145.1,0.07,2.5,2.23,1.72,1.03
ZB81,6.59,0.13,2.4,1.05,41.78,0.3,0.66,0.66,0.15,4.13,13.82,0.32,0,0.36,29.54,0.7,0.17,0.15,0,0,0,364.14,2.75,0,0.45,1,2.36,0,0.9,6.5,14.96,3.14,0.82,2.4,99.83,17.11,433.8,0.02,15.45,508.26,13.91,0.07,0.16,176.07,0.16,2.06,1.78,1.33,0.89
ZB88,12.65,0.13,2.26,0.7,31.34,0.45,1.44,1.44,0.9,5.29,3.91,0.32,0,0.48,60.7,1.76,0.17,0.58,0,0,0,825.99,0,0,6.74,2,62.42,0,19.33,12.49,6.19,13.06,2.26,11.11,398.25,68.27,1221,0.1,61.53,1179.91,3.69,0.58,0.46,75.69,0.23,4.38,3.44,2.78,2.11
ZB89,11.58,0.13,2.66,0.88,21.92,0.45,1.05,1.05,1.19,3.3,13.01,0.63,0.13,0.12,30.62,2.23,0.17,0.44,0.16,0,0,241.23,3.93,0,0.9,2,3.93,0,9.44,18.49,7.22,4.52,1.96,3.08,209.44,35.93,630.2,0.04,36.75,637.35,0.93,0.22,0.18,100.3,0.2,1.54,1.36,0.96,0.6
ZB98,4.28,0,0.67,1.05,26.34,0.15,0.66,0.66,1.19,4.79,6.56,0.11,0,0.12,2.9,0.7,0.17,0.44,0,0,0,352.05,2.36,0,0.45,2,2.75,0,12.14,3.5,4.64,3.04,0.74,1.84,110.07,18.87,501,0.02,15.63,596.24,16.79,0.1,0.12,165.63,0.18,2.08,1.82,1.42,0.92
ZB105,6.33,0,0.8,0,15.74,0.3,1.05,1.05,0.15,4.63,1.61,0.21,0,0.24,2.54,1.29,0,0.29,0.16,0,0,773.28,29.44,0,15.29,1,68.7,0,26.08,7.5,6.7,11.33,1.72,10.9,372.71,63.88,1109.3,0.03,62.64,1086.06,2.67,0.32,0.4,89.66,0.21,3.42,2.42,2.14,1.42
ZB106,6.59,0,1.2,0,14.86,0.38,0.66,0.66,0,3.3,4.26,0.21,0,0.12,1.09,1.17,0,0.15,0,0,0,255.96,0,0,0.9,2.5,4.71,0,5.85,24.99,8.25,3.18,3.6,1.89,222.91,38.21,570.3,0.04,41.25,573.47,0.83,0.11,0.22,105.11,0.21,1.48,1.4,1.05,0.59
ZB1,20.85,0.53,3.33,0.18,37.22,112.98,16.4,16.4,0.45,26.76,5.99,0.63,0.38,2.14,108.72,17.92,7.49,18.42,2.02,0,0,3.41,417.63,595.37,54.13,39.98,620.71,146.8,150.64,113.05,11.35,2.48,0.38,2.23,45.88,7.87,30.8,0,3.15,0.18,0.86,0.23,0.02,1.86,0.03,0.97,0.14,0.3,3.88
ZB2,12.21,0.13,1.86,0.18,12.36,80.85,4.2,4.2,0.3,11.73,8.17,0.21,1.13,0.24,55.63,2.69,5.05,13.45,0.16,0,0,5.15,449.75,526.71,340.73,26727.99,668.94,254.39,931.99,494.23,65.6,0.99,0.54,0.79,50.24,8.61,15.6,0,0.96,1.49,0.65,0.06,0,1.25,0.05,0.86,1.1,0.51,266.46
ZB3,22.45,0.92,7.99,0,48.26,105.92,23.61,23.61,0.75,37.34,10.59,2.31,0.5,4.76,138.26,22.14,8.01,30.12,2.02,0.16,0,17.54,1043.04,1481.82,219.39,141.92,1550.82,339.48,608.6,104.11,31.93,3.16,1.12,2.31,89.81,15.37,13.6,0.02,1.86,0.29,1.02,0.15,0.06,1.13,0.05,0.98,0.21,0.26,3.57
ZB4,23.25,0.66,7.99,0.18,48.11,11.04,21.25,21.25,0.45,30.73,0.58,1.89,0.5,6.43,132.64,22.49,6.1,26.31,0.93,0.16,0,0.59,62.18,468.44,1.05,21.99,92.37,0.26,2.9,0.31,2.35,3.91,0.84,3.05,71.55,12.27,19.2,0.01,8.43,0.27,6.54,0.26,0.04,3.56,0.09,1.43,0.22,0.52,18.28
ZB5,18.71,0.26,7.72,0.18,40.76,33.86,17.58,17.58,0.3,27.42,1.38,0.74,1.13,2.5,111.26,15,4.53,18.71,1.4,0.16,0,0.14,39.92,391.57,2.07,24.99,59.34,4.02,5.7,34.75,5.6,1.56,1.08,1.3,37.03,6.35,12.2,0.01,2.43,0.32,0.72,0.11,0.04,2.23,0.02,1.84,0.75,0.72,28.29
ZB6,29.13,1.19,3.59,0.18,37.37,153.07,25.19,25.19,0.6,37.67,14.74,1.79,0.5,3.1,151.66,24.48,12.54,26.9,1.4,0.16,0,8.74,1048.17,1546.48,270.81,780.55,1557.98,502.98,749.82,360.82,125.08,2.99,0.48,2.82,93.55,16.03,16.1,0.01,4.17,0.21,3.12,0.22,0.04,3.33,0.08,0.98,0.1,0.22,14.09
ZB7,27.8,0.53,9.72,0.18,146.98,53.75,28.86,28.86,0.15,42.62,2.3,1.58,0.13,5,182.47,30.69,8.88,26.02,2.17,0.16,0,0.08,179.94,449.03,13.61,14.99,267.38,29.2,37.87,2.74,1.31,2.54,0.54,2.01,93.99,16.14,16,0.02,2.1,0.2,0.59,0.1,0.04,1.95,0.07,0.94,0.2,0.25,1.53
ZB8,22.27,0.53,5.72,0.35,238.35,34.68,16.53,16.53,0.45,29.57,5.53,0.63,0.25,1.43,128.11,15.93,5.23,15.06,0.78,0.16,0,0.12,15.79,336,0.66,3.5,23.48,3.76,1.83,0.63,0.51,2.25,1.84,2.09,50.92,8.73,20.4,0,4.83,0.33,0.65,0.15,0.08,2.16,0.05,1.3,0.26,0.52,10.72
ZB9,21.2,0.4,4.26,0.18,30.16,78,16.27,16.27,0.45,28.74,1.04,1.37,1.13,1.79,129.38,14.64,7.32,24.56,1.24,0.16,0,39.87,1308.19,1250.78,396.05,779.55,1944.27,291.75,1096.68,286.54,58.64,2.67,0.38,2.36,48.63,8.34,15.7,0,2.1,0.2,0.48,0.08,0.04,2.91,0.02,1.59,0.15,0.57,2.66
ZB10,29.49,0.66,16.51,0.18,94.6,58.55,26.89,26.89,0.6,39.65,11.63,2.73,0.38,5.12,165.07,25.77,6.45,28.51,1.4,0.16,0,0.4,75.1,784.48,1.54,4,111.6,8.68,4.29,9.44,8.53,2.68,2.28,2.18,60.42,10.36,19.3,0,2.97,0.32,0.63,0.19,0.04,1.72,0.07,1.93,0.84,0.87,17.87
ZB11,31.72,1.59,73.48,0,406.67,170.56,23.61,23.61,0.6,31.39,31.2,1.16,0.5,9.05,123.58,25.77,8.71,36.26,6.36,0.16,0,0.5,359.34,419.89,15.06,160.91,533.88,149.31,41.91,156.82,10.58,3.07,0.74,2.57,83.55,14.32,18.6,0.02,2.52,0.26,1.07,0.08,0.08,3.29,0.07,0.39,0.12,0.13,1.74
ZB12,18.53,0.13,0.13,0.35,70.77,83.4,1.71,1.71,0,3.96,21.53,0.21,0.63,0.24,18.84,1.29,0.35,2.19,0,0,0,0.01,5.42,123.6,0.05,7,8.05,0,0.12,0.16,0.03,1.09,4.7,0.9,19.27,3.3,18.9,0.01,13.53,0.78,0.32,0.08,0.1,2.84,0.05,0.62,0.91,0.29,1.12
ZB13,22.99,0.53,1.46,0,19.57,37.31,20.33,20.33,0.3,32.71,0.35,0.63,0.63,1.31,140.07,17.57,3.14,13.89,0.93,0,0,1.99,258.05,835.08,27.28,174.9,383.43,81.63,76.03,52.98,82.3,1.41,0.24,1.48,35.94,6.16,10.8,0,1.65,0.13,0.41,0.06,0.02,1.45,0.01,1.2,0.3,0.36,3.68
ZB14,70.74,23.39,114.34,0.7,547.91,199.39,25.84,25.84,0.9,32.21,165.1,59.9,0.13,49.79,147.5,32.69,47.38,137.71,18.46,0.16,0,0.11,27.61,44.24,6.06,287.33,41.08,528.11,16.88,161.05,7.15,0.98,4.14,0.74,30.58,5.24,7.6,0.01,0.75,0.12,0.41,0.05,0.02,3,0.06,0.15,0.08,0.01,0.51
ZB15,25.12,1.59,13.98,0,79.6,53.98,27.28,27.28,0.9,37.83,4.14,1.89,0.13,4.76,171.23,26.01,8.71,32.45,1.71,0.16,0,0.66,216.6,1309.7,39.74,14.49,321.93,198.91,110.67,14.68,11.88,2.47,0.56,2.19,57.15,9.8,18.3,0.01,2.19,0.34,22.31,0.26,0.04,3.06,0.02,1.38,0.22,0.54,75.78
ZB16,30.02,2.91,60.03,0.18,343.11,181.22,17.18,17.18,0.3,19.99,47.2,1.89,0.25,6.19,61.97,18.86,2.79,18.86,4.19,0,0,0.08,110.77,137.14,0,2,164.6,14.89,0.06,2.49,0.29,2.78,10.1,1.63,34.16,5.86,47.3,0.05,25.38,1.03,0.84,0.13,0.18,2.08,0.09,0.25,0.09,0.01,0.51
ZB17,32.43,0.66,3.73,0,24.13,48.8,21.38,21.38,0.6,27.59,13.36,0.74,0.25,2.98,93.86,22.96,3.14,10.53,1.09,0,0,0.01,10.48,445.63,0,11.99,15.56,1.73,0.17,1.33,2.41,1.4,0.22,1.02,44.38,7.61,8.4,0,1.2,0.06,0.32,0.07,0.02,1.02,0.01,0.81,0.25,0.23,1.33
ZB18,39.65,2.11,6.52,0,50.47,72.07,39.22,39.22,1.49,47.91,11.74,2.73,0.75,7.86,206.02,37.25,9.76,24.27,1.55,0.16,0,0.19,106,831.33,43.38,65.96,157.59,200.3,120.84,39.02,14.89,1.87,0.52,1.65,54.78,9.4,17.5,0.01,4.74,0.56,0.44,0.11,0.06,2.79,0.02,1.43,0.28,0.56,3.88
ZB20,46.24,0.66,4.26,0,69.74,82.28,45.26,45.26,0.9,82.1,44.79,1.58,1.63,2.5,301.34,31.51,14.28,60.08,4.19,0.31,0,24.12,257.82,99.44,4.35,1296.25,382.99,0,12.12,139.34,1.56,0.97,6.08,0.68,25.04,4.3,18.6,0.02,9.66,5.84,0.21,0.05,0.04,1.58,0.02,1.34,1.53,0.51,168.41
ZB22,65.12,6.47,6.52,2.28,165.96,98.57,97.99,97.99,1.34,142.4,11.86,3.99,8.01,20.85,468.22,77.67,49.12,94.44,15.52,0.62,0,0.29,197.36,436.22,70.35,13104.4,293.58,112.03,195.95,53.35,139.55,1.9,1.56,1.41,63.25,10.84,16.9,0.01,3.63,0.3,0.45,0.08,0.06,1.9,0.01,0.67,0.13,0.09,1.74
ZB30,45.26,3.44,2.13,0.35,103.58,332.86,79.89,79.89,2.24,102.26,5.64,0.95,1.63,2.26,422.74,50.26,24.21,43.56,6.98,0.16,0,0.1,374.21,1041.44,79.02,1259.27,555.87,1069.38,220.28,449.09,455.12,0.63,0.04,0.48,13.98,2.4,5.4,0,0.45,0.04,0.15,0.03,0,0.71,0,0.5,0.05,0.05,0.41
ZB38,124.19,0.4,8.25,0.35,231.58,186.62,35.29,35.29,0.75,84.91,79.32,1.89,3.75,2.74,179.75,40.42,7.49,21.64,2.64,0.16,0,30.31,442.28,150.52,0.13,97.94,657.05,0,0.37,32.46,0.41,0.54,2.44,0.4,30.32,5.2,5.7,0,5.22,12.4,0.15,0.03,0,1.5,0.05,2.44,2.95,1.17,557.94
ZB39,140.94,5.28,12.78,1.23,105.64,203.74,166.07,166.07,3.58,180.4,5.99,3.05,9.39,19.18,595.6,132.85,16.55,74.12,10.09,0.47,0,0.21,182.88,597.78,1.15,403.27,272.12,2.8,3.21,10.89,131.9,2.39,10.82,1.93,86.88,14.89,31.2,0.03,35.73,1.65,1.58,0.15,0.04,6.73,0.17,0.77,0.28,0.18,13.28
ZB47,80.54,3.17,9.45,0,161.55,143.53,95.1,95.1,2.98,98.13,3.22,1.68,2.38,4.05,460.07,75.33,6.97,33.77,2.95,0.31,0.13,0.05,92.98,562.17,0.09,13.99,138.12,13.26,0.25,15.99,11.31,0.68,0.28,0.54,24.92,4.27,4.9,0,4.05,0.1,0.48,0.02,0.02,0.49,0.01,1.25,0.19,0.51,18.59
ZB21,22.63,2.91,7.99,0,132.42,47.67,48.93,48.93,0.45,55.84,4.14,0.74,0.5,4.29,202.4,34.79,13.24,32.45,4.81,0.16,0,0.05,168.14,231.16,1.36,148.91,249.81,1.28,3.79,81.01,17.94,0.64,0.06,0.56,21.14,3.62,4.8,0,0.42,0.09,0.93,0.04,0,0.64,0.01,0.44,0.12,0.08,15.83
ZB25,35.46,4.49,5.06,0,115.79,89.11,69.39,69.39,1.64,101.1,6.91,1.58,0.75,5.84,374,52.02,27.52,48.39,8.22,0.31,0,0.07,237.65,291.12,77.99,1155.83,353.18,70.3,217.39,116.21,8.99,1.66,0.18,1.29,64.87,11.12,13.5,0,1.5,0.14,0.32,0.07,0.02,2.25,0.02,0.44,0.08,0.01,0.51
ZB34,163.57,139.65,360.46,0.18,3414,269.88,338.83,338.83,5.82,416.3,237.4,141.56,0,83.98,1585.14,232.08,262.52,166.95,69.04,1.55,0,0.07,35.61,0,334.02,20598.55,52.91,357.67,930.18,264.7,11.25,0.71,0.1,0.55,28.05,4.81,5.1,0,0.27,0.05,0.17,0.03,0,0.75,0,0.11,0.06,0,0.51
ZB42,163.84,15.99,47.52,0.35,725.94,353.28,290.55,290.55,4.33,302.48,41.56,4.52,2.5,32.4,1193.75,220.48,64.63,102.63,20.95,0.47,0,0.11,322.87,380.48,4.24,326.81,479.82,3.92,11.83,135.58,30.45,0.85,0.18,0.75,36.67,6.29,6.5,0,0.66,0.15,1.64,0.06,0,0.98,0.01,0.58,0.16,0.12,30.03
ZB51,83.12,14,79.47,0.35,762.28,208.84,117.93,117.93,1.34,138.93,54,12.09,0.38,15.84,555.56,87.51,20.9,31.72,11.64,0.47,0,14.27,239.17,55.3,100.29,24075.53,355.27,342.22,279.65,399.45,66.16,2.41,0.5,1.41,82.04,14.06,23.9,0.01,34.05,0.16,2.34,0.14,0.02,1.37,0.01,0.49,0.14,0.09,9.6
ZB19,22.18,1.06,0.8,0,6.92,100.97,28.73,28.73,0.45,50.22,3.22,0.63,0.63,0.83,215.08,19.33,18.47,16.37,1.86,0.16,0,0.05,46.7,687.76,22.12,52.47,69.44,204.47,61.61,100.09,25.94,1.18,0.1,1.03,31.58,5.41,9.1,0.01,4.5,0.12,0.24,0.06,0.02,1.4,0.02,0.81,0.05,0.07,0.71
ZB23,13.54,0.26,0.4,0.35,2.65,119.96,19.15,19.15,0.45,31.22,0.46,0.21,0.13,0.6,117.06,14.88,2.44,5.99,1.71,0.16,0,0.68,391.58,934.34,88.02,504.71,581.94,438.71,245.24,228.92,67.8,1.82,0.12,1.54,34.74,5.96,16.6,0,1.56,0.19,0.42,0.1,0.04,1.67,0.01,0.72,0.13,0.02,0.61
ZB31,20.05,0.66,0.53,0.18,6.92,51.65,16.4,16.4,0.3,23.46,1.04,0.74,0.38,1.19,83.17,17.81,0.87,1.32,0.47,0,0,0.01,19.7,337.51,1.01,73.96,29.31,96.6,2.83,6.07,14.64,0.44,0.02,0.35,4.57,0.78,2.5,0,0.24,0.03,0.11,0.04,0.02,0.29,0,0.31,0.12,0.03,1.12
ZB37,84.55,0.92,29.28,0,259.24,242.48,71.75,71.75,0.75,96.48,4.14,1.89,0.5,2.62,335.94,56,7.84,12.28,2.17,0.16,0.13,0.08,66.77,555.94,0.59,7.5,99.29,5.31,1.66,21.12,6.42,0.91,0.1,0.61,33.9,5.81,6.6,0,0.6,0.07,0.29,0.05,0,1.13,0,1,0.19,0.25,13.79
ZB40,77.33,0.79,2.66,0.18,16.33,449.22,63.49,63.49,2.09,57.16,0.23,0.74,1.75,1.07,203.31,50.26,3.48,5.99,2.64,0.31,0.13,0.81,573.25,1389.61,37.7,432.25,851.73,337.76,105.11,373.13,137.75,1.77,0.22,1.52,52.73,9.04,13.8,0.01,1.59,0.12,0.71,0.17,0.02,1.43,0.03,1.02,0.16,0.14,5
ZB48,62.18,0.66,3.59,1.75,20.3,143.76,30.04,30.04,0.15,27.09,0.81,0.84,1.25,1.31,145.68,30.11,1.22,3.07,0.78,0,0,0.11,234.58,904.09,0.19,376.28,348.35,53.93,0.52,72.02,136.6,0.93,0.28,0.74,21.49,3.68,6.5,0,3.63,0.13,0.3,0.03,0,0.63,0.03,1.01,0.56,0.32,47.8
ZB26,22.54,0.4,1.73,0,17.07,26.57,22.04,22.04,0.45,38.99,1.15,0.53,0,0.83,158.91,15.93,3.31,8.33,0.93,0,0,0.11,58.97,426.63,3.53,13.99,87.6,18.63,9.83,2.03,0.74,1.4,0.12,1.07,28.92,4.96,13.9,0,1.68,0.13,0.29,0.09,0.02,1,0.02,1.39,0.21,0.44,10.01
ZB29,31.36,1.85,2.13,1.23,23.39,36.41,38.43,38.43,1.49,55.01,2.19,2,0.25,2.5,206.75,38.19,5.23,8.92,0.62,0.16,0,0.02,5.1,382.15,0.25,9.99,7.55,4.86,0.69,0.93,0.34,0.4,0.04,0.36,8.93,1.53,3.7,0,0.69,0.04,0.06,0.02,0,0.4,0.01,0.9,0.13,0.19,7.97
ZB33,65.57,2.77,10.38,0.88,486.12,225.51,46.7,46.7,0.45,62.61,13.93,1.89,0.13,1.43,229.76,37.49,13.76,22.22,2.17,0.16,0,0.02,124.05,632.53,6.02,12.49,184.36,64.31,16.76,4.98,0.68,0.51,0.04,0.36,18.11,3.1,3.9,0,0.48,0.03,0.11,0.02,0,0.41,0.01,0.64,0.1,0.11,3.98
ZB43,78.58,0.26,5.72,0.18,67.83,74.32,60.47,60.47,0,54.19,0.81,1.47,0.75,1.19,301.7,32.57,4.01,5.85,1.09,0.16,0.13,0.17,102.07,723.58,2.66,18.99,151.74,8.96,7.39,1.37,1.3,1.68,0.16,1.39,35.02,6,10.5,0.01,1.02,0.14,0.93,0.09,0.02,2.07,0.01,1.85,0.28,0.63,26.25
ZB46,50.69,0.4,11.31,1.23,57.53,102.4,48.27,48.27,0.9,52.04,1.15,1.37,1,1.07,270.17,37.84,4.18,6.29,0.93,0.16,0.13,0.12,97.17,726.88,2.47,24.99,144.45,22.12,6.9,7.18,1.58,1.49,0.12,1.25,33.02,5.66,9.3,0,1.05,0.1,0.27,0.07,0.04,1.11,0.01,1.37,0.16,0.39,15.63
ZB50,57.82,1.59,3.46,2.45,111.38,100.67,32.92,32.92,0.9,38.33,5.07,0.53,0.13,0.83,193.88,28.35,4.53,6.43,0.93,0.16,0,0.05,78.22,637.03,0.77,10.99,116.2,19.99,2.14,5.39,0.69,1.66,0.22,1.28,26.63,4.57,10.8,0.01,0.69,0.14,0.29,0.05,0.02,1.1,0.02,1.38,0.13,0.4,25.02
ZB24,45.79,4.76,49.52,0.18,887.93,240.37,61.52,61.52,0.75,86.56,20.95,1.05,0.5,3.34,343.37,50.49,13.07,31.14,5.28,0.31,0,0.27,398.66,850.49,34.84,139.42,592.23,203.34,97.13,12.2,12.28,0.92,0.08,0.69,11.01,1.89,9.7,0,1.62,0.1,0.2,0.04,0.02,0.78,0.01,0.52,0.07,0.02,0.61
ZB27,25.75,0.53,0.67,0.53,7.36,68.16,18.36,18.36,0.3,30.89,0.35,0.32,0.38,0.36,118.87,17.34,3.66,5.7,0.93,0,0,0.03,38.85,149.08,1.58,53.47,57.72,3.88,4.4,7.41,1.45,0.61,0.04,0.49,7.18,1.23,5.8,0,0.66,0.09,0.15,0.03,0,0.61,0.01,0.73,0.21,0.1,0.92
ZB32,42.67,0.53,19.97,4.56,1650.36,120.19,36.34,36.34,0.15,52.37,0.81,0.21,0.75,0.36,210.19,25.19,11.5,9.65,1.55,0.16,0,0.06,7.1,110.11,0.44,25.49,10.54,1.41,1.23,13.61,0.66,0.48,4.4,0.4,7.62,1.31,8.7,0,3.69,0.39,0.15,0.04,0.06,1.23,0.04,1.07,0.25,0.14,0.71
ZB41,142.99,5.55,37.94,0.18,844.67,844.91,146.13,146.13,2.39,175.77,24.06,2.63,1.88,6.31,552.12,120.9,10.45,46.05,3.57,0.31,0,2.01,2274.53,2150.5,13.31,221.37,3379.63,363.25,37.05,139.51,221.08,0.86,1.58,0.61,18.25,3.13,8.7,0,1.65,0.24,0.41,0.05,0.04,1.16,0.02,1.06,0.14,0.29,5.82
ZB44,56.04,1.06,0.93,0,8.39,60.13,23.61,23.61,0.3,28.25,0.12,0.74,3,1.07,103.47,17.57,1.92,1.9,0.47,0.16,0,0.23,144.06,458.62,15.06,661.12,214.08,14.71,42,52.89,15.62,2.2,0.18,1.9,21.22,3.64,17.5,0,5.4,0.16,0.39,0.11,0.06,1.89,0.01,1.2,0.1,0.28,1.43
ZB49,80.98,2.11,9.05,2.1,380.63,218.75,69.92,69.92,0.45,79.79,1.61,1.05,1.88,2.74,400.81,58.93,7.14,7.75,1.86,0.16,0,0.64,156.12,456.94,17.87,764.56,232.21,73.87,49.82,162.94,66.64,1.41,0.32,1.03,35.99,6.17,10.5,0.01,0.57,0.18,0.21,0.05,0.04,1.27,0.02,1,0.22,0.31,1.23
ZB28,36.44,0.13,3.46,0,27.51,17.49,6.95,6.95,0.6,19.49,1.38,0.42,1.5,0.24,59.98,3.75,1.22,8.48,0.62,0,0,0.26,16.34,113,0,2.5,24.27,0,0.02,0,0,0.6,2.1,0.53,13.81,2.37,12.1,0,1.32,0.5,0.11,0.03,0,1.27,0.05,4.03,3.03,1.8,224.38
ZB35,28.78,1.06,3.33,0.18,18.1,8.63,40.93,40.93,0.3,37.34,9.79,1.16,0.63,2.03,176.13,36.79,1.74,7.75,0.47,0.16,0,0.04,0.36,0,0.01,3,0.54,0,0.06,0.1,0.02,0.42,0.4,0.36,7.29,1.25,4.3,0.01,0.63,0.09,0.21,0.04,0.02,0.69,0.01,1.47,0.47,0.31,2.96
ZB36,33.68,1.45,1.6,0.35,9.42,77.55,59.03,59.03,0.75,67.73,0.46,0.95,0.25,1.67,229.58,46.51,14.81,8.77,0.93,0.16,0,0.16,13.72,136.93,3.2,49.47,20.39,2.45,8.92,6.65,0.43,0.63,4.08,0.58,13.39,2.29,8,0.02,5.85,0.23,0.18,0.04,0.08,0.92,0.02,0.59,0.13,0.07,1.02
ZB45,128.29,2.91,27.29,0.35,442.57,80.25,118.58,118.58,1.64,131,4.14,6.52,0.25,5.72,462.06,95.01,12.37,32.75,2.48,0.31,0.13,36.49,497.45,683.11,27.05,35.48,739.11,1.72,75.41,0.44,0.2,2.46,1.74,2.03,93.94,16.1,16.6,0.02,2.46,0.39,2.97,0.22,0.04,2.15,0.06,3.75,1.93,1.93,296.38
ZB52,59.33,1.85,8.39,1.58,160.81,284.97,38.57,38.57,1.64,40.8,1.61,1.05,1.13,1.79,167.25,39.01,1.22,10.09,0.47,0.16,0,1.89,557.89,653.4,5.52,996.42,828.77,217.69,15.38,273.42,189.97,0.87,0.3,0.6,22.66,3.89,5.9,0,0.45,0.08,0.72,0.07,0,0.81,0.01,1.51,0.4,0.46,26.45
ZB53,74.39,1.85,3.73,1.75,20.75,107.58,67.29,67.29,1.34,67.4,0.12,1.16,1.13,2.5,259.3,55.65,5.05,7.75,0.93,0.16,0,6.43,205.53,355.23,54.44,189.39,305.38,59.6,151.8,59.44,11.47,1.64,0.36,1.4,67.02,11.49,7.9,0,0.72,0.23,1.08,0.08,0.02,1.3,0.02,1.13,0.25,0.26,25.53
